{
  "baseline_metrics": {
    "ndcg@5": 0.36354011346010995,
    "precision@5": 0.36000000000000004,
    "recall@5": 0.05944444444444444,
    "ndcg@10": 0.3974275296251271,
    "precision@10": 0.3733333333333333,
    "recall@10": 0.12518518518518518,
    "ndcg@20": 0.479160401325346,
    "precision@20": 0.3366666666666667,
    "recall@20": 0.21222222222222217,
    "ap": 0.41859779703194927,
    "rr": 0.5259303960934395,
    "map": 0.41859779703194927,
    "mrr": 0.5259303960934395,
    "hit_rate@5": 0.6333333333333333,
    "hit_rate@10": 0.7333333333333333,
    "hit_rate@20": 0.8
  },
  "expansion_metrics": {
    "ndcg@5": 0.36263074898623404,
    "precision@5": 0.36,
    "recall@5": 0.060555555555555564,
    "ndcg@10": 0.3917513858875779,
    "precision@10": 0.3466666666666667,
    "recall@10": 0.11444444444444443,
    "ndcg@20": 0.45882170110944903,
    "precision@20": 0.28666666666666674,
    "recall@20": 0.1822222222222222,
    "ap": 0.39217249782402885,
    "rr": 0.48078928397558324,
    "map": 0.39217249782402885,
    "mrr": 0.48078928397558324,
    "hit_rate@5": 0.6333333333333333,
    "hit_rate@10": 0.7333333333333333,
    "hit_rate@20": 0.8
  },
  "comparison": {
    "Metric": [
      "ndcg@5",
      "ndcg@10",
      "ndcg@20",
      "map",
      "mrr",
      "precision@10",
      "recall@10"
    ],
    "Baseline": [
      "0.3635",
      "0.3974",
      "0.4792",
      "0.4186",
      "0.5259",
      "0.3733",
      "0.1252"
    ],
    "With Expansion": [
      "0.3626",
      "0.3918",
      "0.4588",
      "0.3922",
      "0.4808",
      "0.3467",
      "0.1144"
    ],
    "Improvement": [
      "-0.25%",
      "-1.43%",
      "-4.24%",
      "-6.31%",
      "-8.58%",
      "-7.14%",
      "-8.58%"
    ]
  },
  "cost_analysis": {
    "total_cost": 0.11628999999999999,
    "avg_cost_per_query": 0.003876333333333333,
    "estimated_annual_cost": 4845.416666666667
  },
  "improvements": {
    "ndcg@10": -1.4282210754003943,
    "recall@10": -8.579881656804737
  }
}