{
  "baseline_metrics": {
    "ndcg@5": 0.44119431161623957,
    "precision@5": 0.4347826086956522,
    "recall@5": 0.07318840579710147,
    "ndcg@10": 0.41887659257666043,
    "precision@10": 0.4086956521739131,
    "recall@10": 0.13542673107890496,
    "ap": 0.5123552573203195,
    "rr": 0.576506786289395,
    "map": 0.5123552573203195,
    "mrr": 0.576506786289395,
    "hit_rate@5": 0.6956521739130435,
    "hit_rate@10": 0.7536231884057971
  },
  "reranked_metrics": {
    "ndcg@5": 0.43697018038247004,
    "precision@5": 0.4492753623188406,
    "recall@5": 0.07270531400966182,
    "ndcg@10": 0.4163686481255533,
    "precision@10": 0.41594202898550725,
    "recall@10": 0.1365539452495974,
    "ap": 0.5180807006108938,
    "rr": 0.5342132505175984,
    "map": 0.5180807006108938,
    "mrr": 0.5342132505175984,
    "hit_rate@5": 0.6811594202898551,
    "hit_rate@10": 0.8115942028985508
  },
  "latency": {
    "avg_retrieval_ms": 49.19793640357861,
    "avg_reranking_ms": 915.5758843905684,
    "total_avg_ms": 964.773820794147
  },
  "improvements": {
    "ndcg@5": -0.9574310281325126,
    "ndcg@10": -0.598731104949042,
    "map": 1.117475269116805,
    "mrr": -7.33617309936853
  }
}