{
  "systems": [
    {
      "name": "BM25 Only",
      "aggregated_metrics": {
        "ndcg@5": 0.6650892419178376,
        "precision@5": 0.66,
        "recall@5": 0.11291534391534393,
        "ndcg@10": 0.6260812813252439,
        "precision@10": 0.618,
        "recall@10": 0.2113703703703704,
        "ndcg@20": 0.5778868784115894,
        "precision@20": 0.513,
        "recall@20": 0.3511587301587302,
        "ap": 0.6406569687466401,
        "rr": 0.791508658008658,
        "map": 0.6406569687466401,
        "mrr": 0.791508658008658,
        "hit_rate@5": 0.88,
        "hit_rate@10": 0.92,
        "hit_rate@20": 0.96
      },
      "by_query_type": {
        "feature": {
          "count": 10,
          "ndcg@10": 0.5969933308585429,
          "precision@10": 0.62,
          "recall@10": 0.20666666666666664
        },
        "specific": {
          "count": 10,
          "ndcg@10": 0.8511550884167164,
          "precision@10": 0.8300000000000001,
          "recall@10": 0.29013227513227513
        },
        "task": {
          "count": 10,
          "ndcg@10": 0.6619333807405156,
          "precision@10": 0.65,
          "recall@10": 0.22261904761904763
        },
        "technical": {
          "count": 10,
          "ndcg@10": 0.7224033737127092,
          "precision@10": 0.7,
          "recall@10": 0.24076719576719574
        },
        "vague": {
          "count": 10,
          "ndcg@10": 0.2979212328977351,
          "precision@10": 0.29,
          "recall@10": 0.09666666666666665
        }
      }
    },
    {
      "name": "Semantic Only",
      "aggregated_metrics": {
        "ndcg@5": 0.5793829710595476,
        "precision@5": 0.5840000000000001,
        "recall@5": 0.09995767195767195,
        "ndcg@10": 0.5689890875461338,
        "precision@10": 0.5760000000000001,
        "recall@10": 0.19737037037037042,
        "ndcg@20": 0.5510257742258742,
        "precision@20": 0.507,
        "recall@20": 0.3473015873015873,
        "ap": 0.5692435966748216,
        "rr": 0.7101495726495726,
        "map": 0.5692435966748216,
        "mrr": 0.7101495726495726,
        "hit_rate@5": 0.82,
        "hit_rate@10": 0.88,
        "hit_rate@20": 0.92
      },
      "by_query_type": {
        "feature": {
          "count": 10,
          "ndcg@10": 0.5418798589386987,
          "precision@10": 0.58,
          "recall@10": 0.1933333333333333
        },
        "specific": {
          "count": 10,
          "ndcg@10": 0.9159006526182087,
          "precision@10": 0.9,
          "recall@10": 0.3134656084656085
        },
        "task": {
          "count": 10,
          "ndcg@10": 0.5873282787373866,
          "precision@10": 0.62,
          "recall@10": 0.21298941798941798
        },
        "technical": {
          "count": 10,
          "ndcg@10": 0.6473769321235899,
          "precision@10": 0.6399999999999999,
          "recall@10": 0.22039682539682542
        },
        "vague": {
          "count": 10,
          "ndcg@10": 0.15245971531278513,
          "precision@10": 0.14,
          "recall@10": 0.04666666666666667
        }
      }
    },
    {
      "name": "Hybrid (50/50)",
      "aggregated_metrics": {
        "ndcg@5": 0.6823225447015843,
        "precision@5": 0.68,
        "recall@5": 0.11632275132275133,
        "ndcg@10": 0.6489866717259397,
        "precision@10": 0.6439999999999999,
        "recall@10": 0.22023280423280425,
        "ndcg@20": 0.6074082450963092,
        "precision@20": 0.544,
        "recall@20": 0.37196296296296294,
        "ap": 0.6420948049430102,
        "rr": 0.7961495726495726,
        "map": 0.6420948049430102,
        "mrr": 0.7961495726495726,
        "hit_rate@5": 0.88,
        "hit_rate@10": 0.92,
        "hit_rate@20": 0.94
      },
      "by_query_type": {
        "feature": {
          "count": 10,
          "ndcg@10": 0.6038468350229215,
          "precision@10": 0.63,
          "recall@10": 0.21000000000000002
        },
        "specific": {
          "count": 10,
          "ndcg@10": 0.9335012594461787,
          "precision@10": 0.9199999999999999,
          "recall@10": 0.32037037037037036
        },
        "task": {
          "count": 10,
          "ndcg@10": 0.6589352020611354,
          "precision@10": 0.6399999999999999,
          "recall@10": 0.21978835978835978
        },
        "technical": {
          "count": 10,
          "ndcg@10": 0.7401716449247621,
          "precision@10": 0.72,
          "recall@10": 0.2476719576719577
        },
        "vague": {
          "count": 10,
          "ndcg@10": 0.30847841717470115,
          "precision@10": 0.31,
          "recall@10": 0.10333333333333332
        }
      }
    }
  ]
}